id,name,email,password,phone,profile_image,role_id,status_id,last_login,created_at,updated_at
1,Lawrence Davis,darin01@yahoo.com,(SHI1KTjw8,(684)958-7680,https://www.lorempixel.com/592/208,3,1,2026-01-30 13:26:12,2026-01-26 00:57:38,2026-03-22 08:31:59
2,Dennis Ray,sextonlaura@gmail.com,)Qh#4Tb7&e,437.698.2275x79274,https://placekitten.com/410/4,3,1,2026-03-22 05:37:53,2026-05-05 21:15:10,2026-04-10 11:59:46
3,Denise Garcia,ashleyherrera@young.com,Arb07+MmP$,(190)345-0153x1612,https://www.lorempixel.com/492/1,2,1,2026-03-17 22:46:04,2026-04-19 19:42:56,2026-01-29 21:05:44
4,April Alexander,millerkyle@gmail.com,+9N_GpfDfv,764.288.4515,https://placekitten.com/208/88,3,1,2026-01-03 22:19:29,2026-03-13 19:15:44,2026-03-16 17:22:03
5,Shaun Mcdowell,jfitzgerald@tran-adams.com,&jo9iDpjYc,475-249-9954x8561,https://dummyimage.com/989x70,2,1,2026-02-23 21:20:11,2026-03-31 01:51:40,2026-01-12 17:14:13
6,Danielle Garcia,mcherry@hicks-vega.com,@QMY&llsm2,9723408788,https://placekitten.com/265/324,2,1,2026-01-11 10:27:28,2026-01-07 01:14:14,2026-02-27 06:23:27
7,Sonya Flores,gregory21@hotmail.com,ku0!O7h*b(,+1-597-182-7205,https://dummyimage.com/705x563,2,1,2026-04-24 05:23:42,2026-02-05 13:21:21,2026-02-21 09:29:59
8,Amanda Doyle,bmassey@gmail.com,s16OZaD5^c,488-254-8075x548,https://www.lorempixel.com/646/995,3,1,2026-01-12 09:55:08,2026-03-02 08:05:23,2026-01-25 13:41:48
9,Gregory Gonzales,kcochran@hotmail.com,_3JibGzCHA,+1-110-838-3461x39102,https://dummyimage.com/361x914,3,1,2026-05-15 20:42:19,2026-04-22 18:18:09,2026-04-17 07:08:34
10,Arthur Gomez,joshua49@gilbert.com,5^iH(Is!*I,330-465-2150,https://dummyimage.com/223x754,2,1,2026-02-09 12:30:49,2026-02-09 16:33:43,2026-02-11 19:15:28
11,Lisa Powell,richard50@hotmail.com,*Y2Kbwsg_a,377-220-4193x038,https://dummyimage.com/897x732,3,1,2026-03-19 23:21:14,2026-03-27 07:38:16,2026-02-16 15:32:03
12,David Hunt,ericallen@hopkins.com,5E2gTud8+3,503.749.7246x065,https://placekitten.com/16/459,2,1,2026-04-17 21:36:53,2026-01-18 15:36:32,2026-02-26 18:51:52
13,Andrew Spears,lwilliams@yahoo.com,cEJ&O#Hl*6,926-184-3109x419,https://placekitten.com/463/205,3,1,2026-03-14 15:23:40,2026-04-13 12:01:17,2026-05-16 16:06:19
14,Sara Martinez,sharon90@montgomery.com,lCFw1#Xg@7,807.017.9082x4571,https://placekitten.com/799/390,2,1,2026-04-23 15:58:10,2026-02-10 14:49:03,2026-01-30 11:44:15
15,William Stone,hdavis@koch-hernandez.com,i(4BJrJ^+4,886.392.1210,https://placeimg.com/287/1008/any,3,1,2026-04-08 20:48:54,2026-04-27 22:53:13,2026-05-02 20:38:15
16,Richard Powell,craig71@yahoo.com,5sUi!9%2+T,+1-163-694-9183x660,https://placeimg.com/967/312/any,2,1,2026-01-18 12:13:18,2026-03-11 12:31:05,2026-04-22 16:14:41
17,Elizabeth Ramirez,meyersdavid@hotmail.com,Nx88NuhHo^,620-399-9739,https://dummyimage.com/341x163,2,1,2026-03-17 13:46:39,2026-03-10 04:08:06,2026-01-27 12:58:26
18,Maureen Smith,ericakennedy@gross-garcia.net,Sq+A2Ju*)w,803-776-9613x30591,https://dummyimage.com/896x802,3,1,2026-01-02 22:24:49,2026-04-11 07:51:22,2026-03-22 22:05:01
19,Sara Barnett,ndixon@davis-gonzales.com,$5nyGuW0y@,+1-701-142-0741,https://placekitten.com/84/382,3,1,2026-01-14 00:11:47,2026-03-01 14:55:59,2026-04-28 20:33:14
20,Lindsey Phillips,zbuchanan@hotmail.com,%0xL0EKmt!,001-348-544-0607x704,https://placekitten.com/827/417,2,1,2026-03-12 15:35:20,2026-01-27 04:45:12,2026-04-15 14:15:05
21,Elizabeth Webster,dawn36@gmail.com,^D2xdDoIau,597-594-6058,https://placeimg.com/540/332/any,2,1,2026-02-01 19:32:52,2026-01-14 09:04:28,2026-02-18 00:20:22
22,Angel Roberts,travislandry@turner-cochran.com,dgpEZML9(8,(061)493-2006x6418,https://dummyimage.com/944x569,3,1,2026-02-21 21:24:41,2026-01-05 01:24:25,2026-01-10 04:02:16
23,Janice Simmons,schneiderkimberly@hart.org,g*G9OCpn&K,902.215.7198,https://placeimg.com/279/745/any,2,1,2026-04-03 03:05:16,2026-01-26 07:11:40,2026-04-30 15:02:02
24,Daniel Smith,karabrown@salazar-sanders.com,d48PkL9G0&,107-706-3745x116,https://placeimg.com/520/175/any,3,1,2026-02-02 18:52:15,2026-02-06 07:06:27,2026-03-08 22:09:56
25,Fernando Ross,christopher60@kelly.biz,d%j16Wzs(+,(024)168-0755x4202,https://www.lorempixel.com/734/905,3,1,2026-04-07 12:54:08,2026-01-26 17:15:54,2026-02-04 03:52:59
26,Jaclyn Valdez,johnriggs@hotmail.com,Z%1DcsLb@z,(268)407-2753x7620,https://placekitten.com/788/885,2,1,2026-04-03 08:46:51,2026-02-25 09:30:00,2026-05-01 03:09:21
27,Tara West,dbarajas@sims-smith.org,+6@2Q&H6k5,963.247.8475,https://www.lorempixel.com/362/504,3,1,2026-01-27 05:16:31,2026-03-17 07:13:59,2026-04-20 05:29:01
28,Dr. Timothy Miller,rogerspatricia@prince-hayes.com,&!WH(bfL^2,558-565-4123x74377,https://dummyimage.com/386x268,2,1,2026-01-28 04:00:25,2026-01-17 23:48:35,2026-03-14 20:42:39
29,Michael Taylor MD,xreed@warren-hughes.com,21lAy9y6#4,(750)964-2707,https://placeimg.com/260/239/any,3,1,2026-02-22 21:47:19,2026-02-18 15:52:47,2026-04-23 01:26:54
30,Jeffrey Smith,ydaugherty@brooks.net,0NOLx^^V@H,774.930.9726x787,https://dummyimage.com/121x871,2,1,2026-05-16 09:03:18,2026-02-23 12:49:31,2026-05-13 12:37:35
31,Valerie Davis,lisawolfe@johnson.com,ZQD0+7Qdvm,(294)645-1312,https://www.lorempixel.com/1021/208,2,1,2026-05-13 15:28:28,2026-01-13 16:26:30,2026-05-02 05:26:44
32,Theresa Prince,markjensen@brown-maxwell.com,21zjdQsY&%,269-059-8958x6295,https://dummyimage.com/774x275,2,1,2026-03-14 13:59:04,2026-02-07 12:43:37,2026-01-16 01:29:41
33,Lindsey Rodriguez,piercejulie@gutierrez.info,@l8jB5e589,827.689.7315x402,https://placeimg.com/43/440/any,3,1,2026-02-07 16:05:46,2026-05-10 04:55:43,2026-04-18 09:46:46
34,Michael Trujillo,gdavis@hotmail.com,*Ds6OEt@t3,776.607.3762x9361,https://placeimg.com/185/200/any,2,1,2026-01-21 04:22:45,2026-03-30 03:37:27,2026-04-12 12:44:17
35,Michael Jenkins,lhill@gmail.com,&B^JVa9o%2,(955)614-2562x1902,https://dummyimage.com/169x523,2,1,2026-04-11 12:31:57,2026-05-14 09:48:37,2026-03-14 18:04:41
36,James Harris,dsanchez@hotmail.com,J@3OPRl@di,(816)343-8386,https://placekitten.com/46/297,2,1,2026-01-31 13:30:40,2026-05-13 05:12:05,2026-05-16 13:38:43
37,Zachary White,lauriehunt@bell-carter.net,#1hJCm0wtB,001-941-315-6888x259,https://www.lorempixel.com/344/199,2,1,2026-03-24 05:47:43,2026-03-07 11:26:19,2026-04-11 05:14:26
38,Jacob Howe,boydmichael@rodriguez.org,^73WUNsl4V,022.563.8663,https://www.lorempixel.com/440/395,3,1,2026-02-11 23:52:47,2026-04-30 12:22:09,2026-05-04 03:00:30
39,Regina Caldwell,jsantiago@parrish.org,3#a77OTv*x,436-339-8840x0648,https://www.lorempixel.com/815/687,3,1,2026-01-24 11:26:05,2026-01-18 04:52:55,2026-03-31 13:03:39
40,Antonio Clark,williambernard@gmail.com,()W#fIGe+9,001-809-861-7452x15059,https://placeimg.com/862/258/any,2,1,2026-03-29 14:43:24,2026-01-23 20:37:21,2026-04-30 08:29:27
41,George Williams,julie21@yahoo.com,3of$QVPu+a,418-822-9343,https://www.lorempixel.com/474/218,3,1,2026-01-19 15:33:29,2026-04-24 23:16:29,2026-04-07 06:40:28
42,Lonnie Richardson,xstevens@wilson.com,8c3YBbo$!B,+1-210-153-6800x0300,https://placekitten.com/248/463,3,1,2026-04-03 22:55:51,2026-01-11 00:03:10,2026-04-26 07:03:42
43,Tiffany Watkins,victoriapowers@smith.com,3Cf5mBVyl%,780-299-9176x9112,https://www.lorempixel.com/732/427,2,1,2026-04-08 15:31:01,2026-05-05 23:25:42,2026-05-07 04:11:20
44,Katelyn Davis,martinjudy@mejia.com,Zn7Pt3d8f@,(114)521-6141x345,https://www.lorempixel.com/584/868,2,1,2026-02-12 13:30:37,2026-01-22 23:44:20,2026-05-13 17:00:07
45,Jeremy Coleman,joeallen@yahoo.com,#U$7ImO019,312-870-9730x505,https://placeimg.com/67/454/any,2,1,2026-01-12 11:39:27,2026-03-17 07:49:24,2026-05-08 11:29:06
46,Mary Thomas,ovaldez@yahoo.com,1WWXDiS7%7,001-488-044-0237x8738,https://dummyimage.com/768x911,2,1,2026-02-20 02:18:11,2026-01-13 14:36:13,2026-01-11 16:03:42
47,Sandra Crosby,ilara@jordan.com,yOPPZC3T$6,001-861-029-0777,https://www.lorempixel.com/766/949,3,1,2026-01-21 21:49:54,2026-03-19 02:59:44,2026-01-01 01:51:49
48,Jasmine Foster,daniel51@smith.com,#0pA_CXw46,615-350-6905x305,https://placekitten.com/36/653,2,1,2026-01-28 07:59:40,2026-02-20 06:20:38,2026-03-21 16:15:48
49,Samuel Hobbs,odommark@thompson.net,!9PXXWhy^2,(163)096-4329x3743,https://dummyimage.com/322x151,2,1,2026-04-11 16:56:05,2026-01-23 07:59:33,2026-03-31 10:04:50
50,Marie Dougherty,pottsjohn@hardy-west.net,vT!97fLn*8,6935032570,https://placeimg.com/382/291/any,3,1,2026-04-14 13:26:41,2026-05-11 18:42:55,2026-01-13 00:04:54
